{
  "lang":"en",
  "name":"pipeline",
  "version":"0.0.0",
  "spacy_version":">=3.7.2,<3.8.0",
  "description":"",
  "author":"",
  "email":"",
  "url":"",
  "license":"",
  "spacy_git_version":"a89eae928",
  "vectors":{
    "width":0,
    "vectors":0,
    "keys":0,
    "name":null,
    "mode":"default"
  },
  "labels":{
    "tok2vec":[

    ],
    "ner":[
      "DATE",
      "KPI",
      "LOCATION",
      "MONEY",
      "ORGANIZATION",
      "PERCENT",
      "PERSON",
      "PRODUCT"
    ]
  },
  "pipeline":[
    "tok2vec",
    "ner"
  ],
  "components":[
    "tok2vec",
    "ner"
  ],
  "disabled":[

  ],
  "performance":{
    "ents_f":0.6421370968,
    "ents_p":0.6800106752,
    "ents_r":0.6082597279,
    "ents_per_type":{
      "KPI":{
        "p":0.5515097691,
        "r":0.4878240377,
        "f":0.5177157149
      },
      "MONEY":{
        "p":0.9450549451,
        "r":0.9502762431,
        "f":0.9476584022
      },
      "PRODUCT":{
        "p":0.4609053498,
        "r":0.275862069,
        "f":0.345146379
      },
      "PERCENT":{
        "p":0.8625954198,
        "r":0.8636942675,
        "f":0.863144494
      },
      "LOCATION":{
        "p":0.8038147139,
        "r":0.8753709199,
        "f":0.8380681818
      },
      "DATE":{
        "p":0.6116642959,
        "r":0.6729264476,
        "f":0.6408345753
      },
      "ORGANIZATION":{
        "p":0.3603603604,
        "r":0.1990049751,
        "f":0.2564102564
      },
      "PERSON":{
        "p":0.5957446809,
        "r":0.1505376344,
        "f":0.2403433476
      }
    },
    "tok2vec_loss":1191.7600504224,
    "ner_loss":7786.0165329392
  }
}